{"cameraMode":{"drawMode":0,"name":"Shaded","section":"Shading Mode"},"sceneLighting":true,"audioPlay":false,"sceneViewState":{"showFog":true,"showMaterialUpdate":false,"showSkybox":true,"showFlares":true,"showImageEffects":true,"showParticleSystems":true},"in2DMode":false,"pivot":{"x":5.765810489654541,"y":-3.30920672416687,"z":3.909503936767578},"rotation":{"x":-0.23276804387569428,"y":-0.7096406817436218,"z":0.2722281813621521,"w":-0.6067441701889038},"size":8.704814910888672,"orthographic":false}