{"cameraMode":{"drawMode":0,"name":"Shaded","section":"Shading Mode"},"sceneLighting":true,"audioPlay":false,"sceneViewState":{"showFog":true,"showMaterialUpdate":false,"showSkybox":true,"showFlares":true,"showImageEffects":true,"showParticleSystems":true},"in2DMode":false,"pivot":{"x":0.5590999722480774,"y":2.109977960586548,"z":-1.6699552536010743},"rotation":{"x":-0.1600440889596939,"y":-0.030497891828417779,"z":0.004944689106196165,"w":-0.9866500496864319},"size":1.4390625953674317,"orthographic":false}