{"cameraMode":{"drawMode":0,"name":"Shaded","section":"Shading Mode"},"sceneLighting":true,"audioPlay":false,"sceneViewState":{"showFog":true,"showMaterialUpdate":false,"showSkybox":true,"showFlares":true,"showImageEffects":true,"showParticleSystems":true},"in2DMode":false,"pivot":{"x":-0.8689543604850769,"y":-6.900764465332031,"z":-15.726202964782715},"rotation":{"x":-0.003341109724715352,"y":0.9682885408401489,"z":-0.2496260702610016,"w":-0.012761018238961697},"size":11.82888412475586,"orthographic":false}