{"cameraMode":{"drawMode":0,"name":"Shaded","section":"Shading Mode"},"sceneLighting":true,"audioPlay":false,"sceneViewState":{"showFog":true,"showMaterialUpdate":false,"showSkybox":true,"showFlares":true,"showImageEffects":true,"showParticleSystems":true},"in2DMode":false,"pivot":{"x":1.158957600593567,"y":-4.385814189910889,"z":17.632591247558595},"rotation":{"x":-0.15567675232887269,"y":-0.0038400350604206325,"z":0.0006512653199024499,"w":-0.9878367185592651},"size":12.83818244934082,"orthographic":false}