{"cameraMode":{"drawMode":0,"name":"Shaded","section":"Shading Mode"},"sceneLighting":true,"audioPlay":false,"sceneViewState":{"showFog":true,"showMaterialUpdate":false,"showSkybox":true,"showFlares":true,"showImageEffects":true,"showParticleSystems":true},"in2DMode":false,"pivot":{"x":6.4959588050842289,"y":-10.033170700073243,"z":29.117218017578126},"rotation":{"x":-0.28428640961647036,"y":-0.0181210208684206,"z":0.00536844739690423,"w":-0.958573043346405},"size":12.85961627960205,"orthographic":false}